class,PC01,PC02,PC03,PC04,PC05,PC06,PC07,PC08,PC09,PC10,PC11,PC12,PC13,PC14,PC15,PC16,PC17,PC18,PC19,PC20,PC21,PC22,PC23,PC24,PC25
oval,-11.352303645127366,22.852808319973256,9.278354464052422,14.103605230565172,-3.4177687656165148,8.325375580136226,-0.8870768321578631,10.274645792850533,-3.000598781854701,5.686177366475065,-3.5705607989416674,6.641392775100425,-0.8394429843335828,0.5542832428937517,-0.3703070534498388,1.2371827211665407,-3.2918797387011733,0.48842351184295235,-0.8898205635214776,2.6135445634622245,-0.08402228122376222,2.0389725853156633,-4.675337473673353,-0.02724017908850528,-0.5688334984861686
flowers,-28.557544893968554,-0.29226408290114453,-24.636104164090995,13.887979692574188,3.0280352696076522,-4.242094374006794,8.888124771926286,-2.71074447014353,1.7830560798614281,1.3320979908346886,-9.698396207796133,7.4060945101230695,3.371516833141368,8.203142248356968,7.159493107766882,-5.4648779347221454,4.790538730128593,-1.9530337992140068,7.102559987816209,-3.3981199712398307,-0.7388110800907093,-4.28637950366348,4.053405772939709,-0.8827201696367108,-2.5814025460018812
cold,-14.331359616030007,-6.208561854791255,-3.5110933650067695,-5.101649192495855,-1.9785511045901338,-0.5233003143087647,4.813125454584125,-10.994484851637486,-1.74193998015628,-12.979646739851454,3.8205170236766044,11.393120659990908,-5.585568371097303,4.150258891158888,-0.2433505772369917,-1.4047646545950427,-3.834148461114453,-3.4935154710354483,0.9707643463638839,7.137391137010523,2.6023993748693752,-3.707482103467164,1.7255662624445027,4.032101175704573,1.8205133694386644
scene,-12.392249777531264,-16.61124867223015,-11.218687661698196,3.2642753168634666,-2.3056563286943077,-0.1786344663182478,-2.090203169072127,-0.7591130471082731,0.48692806615594153,4.438651030578614,-5.914590739711986,-3.057310140542944,-2.095775292521456,-2.416604905746817,-4.51948124116583,1.1331996961664288,-6.888564804315011,-2.740823305243209,1.7500706927522263,6.266734822430761,-2.562354195626542,7.792711924515046,2.4831962370941416,1.1101710885862,-1.8286657562946393
water,14.453446677912742,-19.033497970810192,20.411566204382833,-1.7802967612614555,-8.129906819360588,-0.8159982803407223,1.9288800900204341,0.0051396930733732075,-3.0905430347866387,7.262668200497607,-3.882333568847335,3.7824413460449002,-0.72990262440113,3.5824174896469256,3.9961294174779405,5.822657331495254,1.8865675343381223,-3.567239336076646,2.5447206722275015,3.3438442029337967,-6.531291271685941,2.9101011413387163,1.0138068140199155,-4.868597240246057,1.5082644964214762
impressions,-25.73847959010125,0.2275405084361855,-3.0428216072740373,-6.6943048116478945,-0.2913917421226351,-6.639709291220424,1.785246518052597,-2.4826513629485927,-0.2093272636258827,-2.8730958049793367,-1.0148366248764054,-0.828665361929118,-1.144136912820886,1.753584878450098,-1.204854677072667,-1.4759068074722712,-3.45049344196462,-2.8469515890886097,-0.26266673434195387,2.061703149011668,2.326126567816452,-2.2730967214799014,-1.7080784479189797,-0.5767747319773104,0.6891751789356292
impressions,-24.049077565074864,5.203019389602698,-6.403864519035519,-7.010909518639259,-0.5033049277821842,-10.007280318447814,-1.1248579593472723,-1.529112932274877,0.2530748693203877,-0.1329334856808046,-1.4691500643251612,0.39372038281178773,-1.1806982001873223,-1.0628561337020663,1.3612385915686918,0.09840385834327584,1.3946059811315303,-1.0048890857230268,-1.4788863143281132,-1.4554151423197763,-0.8640429366098603,0.12521424308152151,0.35439087927840973,0.4314663068316862,1.4957777411241628
impressions,7.395811978477542,-3.8146521680854435,-4.043039885372467,-3.791234558396917,9.78061461187204,-4.540349233491571,4.601902604631817,-3.6747275853746113,1.6889338992683134,-1.3436963922461422,-8.293109981909208,-3.7933228454998056,1.823501269858227,0.9090311419977083,-2.729612276039622,6.444924403213494,-2.7078661131839956,2.1023070506347876,-1.2052239272195389,-9.919514257491738,-0.31789060933670243,3.2087016499885026,-5.083246150745465,-1.7831769885686677,-2.7369369263179313
cold,-13.097246980042495,8.800523130172534,16.064016992634446,-18.865889244063332,8.629142545977253,2.6415890773263215,-10.263124972189136,-1.6646930320946745,-3.002112665776126,2.10043496231582,-0.5771987091410811,-1.8643670315221323,-2.300629753180625,-3.2401608548256617,5.6730754479307,-0.8146730772176387,0.71922955366256,0.8046180811768276,3.2215631417833674,3.389811491215802,4.305261229192691,2.383307996662254,1.0702645267471418,-1.9200048382959802,3.628695118617345
impressions,-21.18756518007068,3.6068458505174283,-2.7964049488514426,-6.584332286920893,1.2255793789147051,-0.9208712581897757,-4.033006971775307,-7.7146370727410645,-2.84896658563251,1.9960483786865217,-3.863146727636483,-1.5032058991296562,-3.09922751627633,-1.1187206477815803,2.743978765714862,1.6298802915911632,-0.23841357129582078,3.919845726361816,-0.3492346200308982,2.549054404629005,-0.03907546987311632,0.35233365094838015,-0.8636355136907937,-1.0613383172075266,1.7156889859940059
trees,11.35656951646739,9.93590467934969,0.37983239115434214,2.132235256412371,-0.8311441415923446,-1.1967187781514803,-2.090016667867311,-7.520308855226171,-0.71828931860922,2.5895250785002517,-4.574445737492865,3.555382311624686,-0.851847348118402,-7.910448312718912,5.014480182575095,-1.4130008816376534,4.231706403334943,-1.6404121410595078,0.5912478535586112,1.3210132060479032,-0.2828161710953234,-1.5646840991064317,0.5520309706791767,-2.0133366469699157,-0.6248358524494276
dusk,-23.82210644350083,26.249587866756546,33.54999844748248,10.615619245098372,-2.1408859393305626,6.0889587370225025,1.351715154389363,-0.9253725088972806,5.153316409899932,-4.895975141842891,-1.5968701033711217,8.517940826455709,-2.6030442393851163,1.0159899359045153,-1.0555977442941127,-2.416924587370713,3.6106489439139122,2.2818259572186537,-1.924226916560072,-0.7469817301185848,-3.06137790016932,4.985767748395299,-3.5405510894266152,2.9540679049339333,-3.1107065273422876
water,-6.202340713977535,-16.843123194357535,5.59784908475261,6.72806319016319,-10.806477097453207,2.1421760267395116,-9.499062257882647,1.247812493920326,0.9851203528964353,6.139018703329895,-5.611155964318681,1.5801929760230256,-6.391601644580824,3.2955193551388433,-0.8546621048594346,-4.863459336896051,0.5013827025729367,-6.560072744883916,6.167994201284603,0.08891233994595565,-0.25098747851938497,-2.876543696621071,0.4213119601629852,0.012953053124019405,3.5128450690186
trees,11.745062084264505,3.756266436710852,14.900302291670318,-2.020612715550019,4.2270359460888525,-3.943037681468115,-0.0016186874194872164,-3.184781943437019,-3.350751726063085,0.5497936970588777,-8.355513794388473,2.0188059632203177,1.7750517434260853,-11.021637215746349,-6.800182211113153,-0.21505978475373824,6.526842419758609,-0.9703494900249504,-1.652749983562583,-4.26255279614395,-2.3803090828676576,-1.2761374611918943,2.604915898862991,-1.15246175405513,3.316486735007113
trees,1.2014731184692125,-16.290090262300005,-1.6323026632927606,5.419038069200384,-2.308066285767948,2.8803293740397753,-2.2354840696511435,-4.09659296278592,1.0889908053743333,-3.194703157440851,-4.3414469328696175,-4.349421513977521,-2.410895892419183,-3.626554245528363,6.30078280007709,-1.2934971189108366,-0.680813778097016,4.308068491015953,-2.6921160609467525,-6.582426270071407,11.208911504482614,-0.6790460311612688,-7.760484871469854,1.1113738012792782,3.686355596211487
water,-10.436992028193496,-0.8378401696480462,-12.866910552753513,6.072985652446643,-3.949370155562745,-7.694158447998534,2.911846577974282,-3.711792815344594,2.5186081187264575,0.9349630399049674,-0.23180377052777654,4.94533876871235,-1.4259674043927588,1.0273876448754442,3.7054282243753804,-0.6378543410004671,0.570434025214731,-0.9971484556916108,2.8876754369928337,-1.5681501092763301,-2.167167257156591,4.3771468837144845,0.3163380503338335,-3.7843117886915905,2.326708561799005
water,17.637356289745345,0.8216555689533603,-7.289953835706407,1.4456261775251942,-4.445883198937623,-9.257988108637866,1.1834673474661133,5.265737529065569,-1.0614228673832602,-0.8131474739183914,2.8286585007567244,5.534250169207023,-0.7032391967487297,-1.907721563528913,1.7834030045466005,-1.0360853662634777,-1.2445804133159226,1.8735144145125053,-1.7500266937321831,1.814448251734685,-1.625038313817589,-0.3081589202885909,-1.972438577864842,-1.2830642271653026,-2.577544809312977
flowers,9.484068535476542,-9.950590659128729,3.1328128016624834,-4.876551621045812,-7.712855083663318,11.249532109956707,-4.060205413996787,0.5809834175395469,4.487877001469006,0.028381814534475486,1.16770276240686,-5.640987328351186,3.5886788206704505,-3.2979319872936066,-2.559086926667011,0.2913487042347172,-2.2516801982592383,-1.1625071421127373,-3.1902618248203622,1.00627833141405,-2.2788754696406204,-1.02290079687835,-2.005599299433654,1.6879247301202565,1.2634023107642847
scene,6.38501958065431,8.519951774528906,-5.009526972810971,4.991706991569469,5.6040057490040605,0.9145398439428385,2.610715849107794,1.1385308615660588,-2.901830529152661,0.06582043470342053,1.679148026406026,-0.6943498994154236,-1.8188628938963898,2.828991725973687,-0.11980389421913798,-2.7592191548567486,1.6247556963958785,-1.763532070690238,-2.2703023273296212,3.734222323596796,3.5805266371940188,3.068626488465503,-1.0347362966388929,-0.8361786306354316,-3.7866465273103973
dusk,7.609707942030912,4.143967735254201,-6.023626698449758,3.6412067073514494,-11.65190796425274,-3.9541385566977736,-3.214742546833297,7.094231113067154,1.042884394979581,4.294587569717258,-1.8774167052715103,-4.506559569243569,-5.5090847771963825,-0.012563667815845048,-0.5321283082143746,-2.330595793319212,-2.302487661319771,-1.468161478037568,-1.3878290104084177,-0.5840189494828563,-3.037484252397094,1.1146737072153534,2.0545531270430346,-0.3182364912917694,-1.9408247104235268
oval,-6.288869884068587,8.82390876930473,17.232930779394458,-4.361615343750177,9.332446945648078,-5.942504257490654,1.5377705858536335,-3.9701441306651515,2.7852178192046533,-3.8160767521510306,-1.9237790444245415,-3.735925012232534,-2.160692025679151,-1.4252481326849655,-4.460105432176258,0.083393406360077,2.019676504787998,-1.9697370237040879,1.5152213866171529,3.4608701296048783,0.7193442670944618,2.4221744661988702,2.835498519264734,0.326816378192589,3.1288259551518833
dusk,17.160242715395658,22.407830364923736,2.8816039070672193,-16.84440026119145,-0.4589015589262918,0.168439325382406,-5.550068645117949,-0.09668217085910025,-9.122144839742237,13.26764331538996,-1.6635512953594431,1.2112958415880488,1.1958426741527912,-0.15381186040421307,4.849270897624854,-4.725339870556907,-2.645439216627799,1.8262630534997257,-3.5003618968356593,-7.058522291016925,-2.666059610974367,-9.808542756572795,-0.6846687364060422,-3.645868944017087,-1.8172107289242587
flowers,3.8855886575156835,17.122393489230948,-17.07858390612216,12.439378875873432,-12.821247530914112,-3.500407250874372,-5.426055257478678,-1.20476700952782,-0.5367814324416912,3.887547646503202,-0.6535341263881941,-2.0613114725862673,-3.003424681595217,-3.5756809036856216,2.1819272409570365,-0.7075910576304275,3.0052404477527466,-6.196448929624038,-2.0986842452617824,-1.4021999583873772,-4.606025868516731,1.5110472020522896,0.6983782204064817,2.1603702763788486,-2.887576141328363
water,3.4088728986171364,-15.405738995308731,2.1588184546502553,-5.972320330115507,-6.398020019691982,0.850906313333433,4.139955353280891,-6.221353560014614,7.288257197219695,-0.4088868734238625,-2.91832007514825,-0.7097512776937841,4.375073356572788,0.5764277667921028,-3.10470603249412,6.980752686944034,-2.9725457636921466,-0.7824946275588895,-2.5962161108535127,1.9699674320317846,-2.5648201492763993,2.8522148243981613,2.010572134979439,2.357312174838728,-0.4138649247214933
flowers,8.207750612427498,8.993231878697468,3.953699404679435,7.524624443422304,2.3399886300383352,-7.0635188945772915,-1.5707889691629677,-3.778368304691265,3.538380831985118,4.3374633842692205,1.7156201393057413,8.114702954910568,2.2170998602539362,-2.313139243208632,6.4834424084745175,-2.8249603796064524,3.2514765120843925,0.7029487052499526,1.119661906365184,4.458937126695046,5.316521308507896,2.658574227043957,-1.403104364895102,1.072599942912744,1.1246625848742207
trees,-0.951683662934938,-10.649541706425667,11.131554021665869,6.1184621039302884,7.438259908854492,9.4037426565876,3.5486398990140557,-1.6815891043069704,1.6195448888229582,2.1545907980693566,-1.121018333940665,-6.070749255544934,0.34054537698571563,0.17190935459531992,-0.9241873414550322,-4.964403523664689,0.9354600105912297,0.6545021983823147,-5.201601209389483,7.476247668647971,-2.6282183387082063,-1.8266827454262056,-0.11249419183178046,-4.0995629385139605,1.4046360298506548
flowers,7.959508520769474,4.8984457224909574,-0.26369821699487167,-3.7583823850038183,7.613061328588277,-6.577918733560423,-0.6520856805817762,-5.635656226842437,4.051052930253614,-3.4227464872899094,-1.993493666695064,1.7381293337395354,-0.4645781954196484,-1.8763772191774342,-2.222618366300368,-2.54077824819539,1.6411893881782664,-1.1486006371735316,3.031523965713562,-1.4227596989188258,-1.066425721077647,1.1895639897202759,1.151562760663321,-1.2307226764980208,-0.532813209594912
flowers,4.816863993007946,15.716100044271684,-0.761586468377287,-3.915615465379823,14.860730885942305,1.1993725463285148,34.61361166507058,10.793467564602102,19.060990317304064,17.191129096599788,6.522420215963517,2.0601722509489697,-7.531182575578345,-17.269750235690168,1.0771530186727851,-1.7972221381416496,-10.946799342107854,0.5650451642071374,-0.6235971930957022,3.134326932458973,5.535329088959868,1.2166351798979593,1.1530294857421326,2.697553008718255,3.882364686805068
water,-18.541796071791943,9.608029438022248,5.759344540356269,3.141955800923661,8.811174996834618,2.476306204622122,-2.2575117614530393,10.372903473089053,-5.816040502096503,8.507150658929408,2.5988539697252317,2.638963909877229,4.952193299455257,3.837110005244729,-3.572605717192627,-0.7379417283330482,1.2191633148731214,2.806009034027412,-4.732779230155686,-2.61905407295429,1.4427923127858668,1.7300768357871399,1.2462319620108762,2.577258521385475,2.2701451531349095
cold,-12.534331231951287,-2.6224029947975307,-12.018800922967127,1.4990675209527966,10.769038283752531,8.597389138926808,0.8253826418448041,2.7548034061615803,7.62457691874266,0.5703168927977752,-1.6450042847677666,1.4790070796857273,-6.995201019247274,1.7518029656359762,3.580169157797109,-3.233006447361694,-1.6121876414291747,-6.22424798704534,-3.4644350156304937,-5.143492740380035,-4.124136285315756,2.0874975210077706,2.2415888116850167,-2.8901344675764613,-4.261131567149947
cold,-12.397622574544426,12.304454762666426,1.5773769117080314,-17.791611436022638,3.9417531713081684,4.82819202808441,-2.35827563394488,0.1911983667695345,-3.525932917738067,-3.121126599601838,-4.1185433522734245,-0.8063148195425451,-4.02280308197182,1.9113394546438582,-0.9905949362553621,-1.1544075092330526,-1.9166403625227806,-2.026529380671804,0.5094277537046533,1.4321884070769155,1.7863504605830833,-1.9819844182002049,-3.3561029039018924,5.592911839167544,-0.3085489381428671
trees,1.2014731184692125,-16.290090262300005,-1.6323026632927606,5.419038069200384,-2.308066285767948,2.8803293740397753,-2.2354840696511435,-4.09659296278592,1.0889908053743333,-3.194703157440851,-4.3414469328696175,-4.349421513977521,-2.410895892419183,-3.626554245528363,6.30078280007709,-1.2934971189108366,-0.680813778097016,4.308068491015953,-2.6921160609467525,-6.582426270071407,11.208911504482614,-0.6790460311612688,-7.760484871469854,1.1113738012792782,3.686355596211487
trees,4.856014466563343,-7.539888320987721,2.1113949532646403,4.450122456759898,-2.6481528759125714,7.81163689625105,-4.553991769497773,-1.4527715959051062,-4.773125217985618,1.8438776127336347,2.235722572154162,1.0725227412402132,2.096616962792723,-5.673811117574476,2.1900425655862312,-1.146599699397022,1.267013016474808,-3.3675228623964997,2.7079222988150025,4.321231417481447,2.3235370032503138,-1.2681175587771332,0.8197414826024446,1.3829218236932659,-2.5101222900554454
dusk,3.750804899244486,-0.9499441189755552,-8.115085872511488,-4.928957536107625,-4.124202177289246,7.699902367201732,-7.413055464888228,2.7266805215025793,-2.675041843022198,0.5136381403369348,0.6524295540191882,-0.7725184011516505,0.7927064401251551,-5.550854740626653,-3.185872486192801,-2.3729542104525354,-0.6794160103762922,-2.7083472758457128,2.968984466175089,4.269931070710439,5.043158024216484,0.4789556867773451,0.9083378025822966,-2.0770997931723407,-3.4753497884929194
flowers,8.86428766079477,5.467432085210063,-9.607725706923533,-10.473706922374738,-12.847526259430861,3.150020305178193,4.141920136997217,-4.18644858877125,-0.5503215432873881,-0.16261263357850694,6.0008566646139405,0.8663081957520485,4.4333259627147665,-1.4094281768794552,3.9192786202827383,-0.08699870178711856,0.4017078244025865,2.0234278044562104,6.630708924517033,1.94735401380921,2.10986728017434,2.310800618851694,-5.721024346657906,-3.1959396530378195,-3.4536024393884324
trees,13.87204379160107,17.604012536152226,-13.123048883911643,9.983075427852821,8.446576435940182,1.9902449237278994,-5.648045802730041,3.505106473388901,2.256125542574242,-0.9155291564125461,11.804574846056694,-7.043563359360794,0.16585929754958684,12.772658099514057,0.42246805591195347,0.0734158781354167,-2.944769043303489,2.657190378425483,2.9430733199986774,3.518190513073785,1.8985521713282716,7.643352282893707,-5.624802626073461,-5.120078345069291,-3.394670809789038
scene,2.2406748218112518,-4.396314925845816,20.701428034718564,-3.413032760199552,5.859879177068825,-1.160134722697528,-1.4005945939648077,-1.919570579966112,-0.860061209682173,1.3945457908981542,7.178816106944945,-7.10150405577172,-2.2081065335172783,5.190720507530271,3.4034754431819145,-4.504406604702874,-2.790644487939554,0.3849172788054179,1.1160890493360156,-1.8326084690557762,-3.7045482574204263,-0.2845083943482052,1.2753076451555154,2.025324379791486,-1.4761122667207065
scene,-18.36116356851215,-21.768951526037625,3.5840953037101504,9.081946814594186,5.4729859094225635,-12.926613901688485,1.1943911218584204,6.09264983478748,0.7079055770084417,-4.168060295350116,-6.151212991112046,-1.7790778579577173,2.037147545597319,-0.4455735517342154,0.42776970658963714,3.8661294073388004,-3.188451245969765,8.870565116307525,-1.6477110589072976,2.6439040490770482,-4.504536750047356,-5.411485393190144,-4.519559266208702,0.6871681112405809,-1.859410953531099
cold,-21.594819708722977,10.523908757982253,-3.0796885223170576,-0.283866559237039,1.3634322675324855,-6.432406351664649,2.1950054663783987,-8.947505453448745,-4.329182356199008,-3.7269774942544482,0.16709159823942926,-1.0166575456454727,-1.3751431642257224,1.6804716809868299,-1.4516228443065275,-2.962105402149934,3.553067947114331,1.1616308201322312,-0.7268348780894514,0.5958412363012029,1.4088057477172307,-0.23242042317931152,2.147500451750472,1.431160026640264,1.5351540457186306
dusk,17.916976276688015,9.11154040838218,-1.381783038771259,4.2524928373615465,1.092420917407225,-3.137606632564573,-2.4838505319033546,3.6034908331848485,0.2130316327261954,-0.8073090663844537,0.7443129847662334,-4.513245796823995,2.324301273143852,-9.517296748304078,-4.673257994609992,0.8434473365025307,-2.5335975351019497,-3.1134970772939177,5.988200641238788,0.5351723883808639,6.277559135761218,-1.0263817927954042,2.9200292617165955,-4.510955706058913,-6.8877982974956256
dusk,-11.371476895105772,5.623376442532228,-13.305817350334191,-6.6713419968548315,4.948011131836392,-0.04643201885083213,3.2471452086773223,0.25589702352289306,-2.431512640525725,2.28858268884239,4.3981286171185,-0.1466594047617491,3.1594742212980513,4.669976092217012,-5.620611068813959,-1.3249537769798019,0.9283943718685941,-2.775909978787848,-3.3649125787295358,0.5137191206585698,0.14456993660714149,1.0250794899086817,0.1411201367125608,0.9332707275233006,1.886354030692849
flowers,10.6227167758794,7.384191924498487,-4.847445971151892,0.7155574082687327,-5.254894807319409,-1.4357044732813393,0.15739591259737135,-3.5012186687858438,13.259793178616993,-0.9634009149087143,-4.727685088983373,-1.0968050264331486,-3.040135499281053,5.540688907430522,-4.755079692096484,3.627057210179786,-1.2300822100356066,-2.978049168343764,1.7756277158845006,4.054131486256915,0.405327513611062,-4.823068732636183,-2.289431820096385,-1.0289740340245777,4.033253800421411
cold,16.39019879244817,-13.022613748426217,6.929573275832071,-26.943829269176515,-1.7228426620787427,4.992805659547339,2.7758114550073074,7.889843164801099,13.78592423715761,-7.74645498403778,-8.110287777562364,-0.13138240935388937,7.21032385252602,2.231184511742352,6.847829870732343,-0.5692175859071645,2.264151070001727,-2.9601294622200975,-2.274974964873246,2.602078678895403,0.6759617192750053,0.759205522803226,5.166857429402052,-3.7388349778114778,-0.2997962271874817
scene,9.007169154192669,-22.27287576938791,8.578114737484436,-1.0813229744419006,-4.043409868846504,6.365042757093593,-5.717627721681308,1.1000453069940108,-5.58322454550045,3.2981508604404852,2.0319829024559897,-5.307796981865472,2.2424529520568055,-3.8820395533851086,-1.134545773561923,-2.6140285829382957,2.1795824543060904,-1.195986306609967,-4.159897935993996,0.15519062803766326,-2.939738980719873,3.6476677968613616,3.15668362519216,-2.0909020715911213,-0.6038037800931978
scene,-18.36116356851215,-21.768951526037625,3.5840953037101504,9.081946814594186,5.4729859094225635,-12.926613901688485,1.1943911218584204,6.09264983478748,0.7079055770084417,-4.168060295350116,-6.151212991112046,-1.7790778579577173,2.037147545597319,-0.4455735517342154,0.42776970658963714,3.8661294073388004,-3.188451245969765,8.870565116307525,-1.6477110589072976,2.6439040490770482,-4.504536750047356,-5.411485393190144,-4.519559266208702,0.6871681112405809,-1.859410953531099
impressions,7.395811978477542,-3.8146521680854435,-4.043039885372467,-3.791234558396917,9.78061461187204,-4.540349233491571,4.601902604631817,-3.6747275853746113,1.6889338992683134,-1.3436963922461422,-8.293109981909208,-3.7933228454998056,1.823501269858227,0.9090311419977083,-2.729612276039622,6.444924403213494,-2.7078661131839956,2.1023070506347876,-1.2052239272195389,-9.919514257491738,-0.31789060933670243,3.2087016499885026,-5.083246150745465,-1.7831769885686677,-2.7369369263179313
water,0.17267986476555805,11.599657475544863,-3.094615680058926,8.65867003539455,-6.6411716250512844,0.5594652431889341,4.06356126719506,9.457266309092798,3.0844365474185014,-12.810868740307042,-4.82495130839494,3.2467052278589126,1.960505742959911,0.7317418187905224,-2.9242742341930454,-1.382853746240144,7.043984034043406,2.724562297391979,2.464086755876813,-0.5488993369371642,2.2347434137429407,4.952490338590104,2.942828628649714,-2.5374118616070285,4.843789836619853
water,-8.914362550962725,-12.75066632525277,-15.290611970149746,4.695597667266082,23.082486544108363,7.891908401665616,-8.680989495330671,-5.796692921939419,-2.3779451852589264,3.24884278104469,2.9600750729200396,5.37207228245229,1.2359599349330235,-5.714282918967687,5.664453117123972,9.228338598497913,-2.253074298367989,4.361922800186083,4.866909648328006,1.5337007633357764,1.7125074349218485,1.3716934849200262,3.2065501108564516,8.832451456829501,-0.3187252606834862
flowers,4.633915368808565,5.493146809154995,-2.444682403166089,5.287452009935293,8.12071523035279,-7.419856210607871,1.965966724307088,-1.5158139309211933,2.1277500696984744,-0.8687197831759138,1.1646736949199954,0.36777687288422156,0.3442600238173925,1.9497439100493534,1.2786694298071621,1.9245055166354674,0.5519635925674939,2.5398278187052403,-1.2330362498769751,-2.4335853138049517,1.935995514393203,-4.947608605839417,-0.9416995431928238,0.34478165197477423,-2.3238921579316183
cold,3.620868099825929,14.496950780270579,-3.117876823912143,-5.050900567764258,3.198869951954062,3.3478531440184076,-4.856166801710721,-3.058907094458519,0.23846820125174753,2.138619450049406,2.8967659315340097,2.3650427686958366,-1.4564356938065803,-0.4575846148972961,5.562421046766345,2.636507536254163,5.699188405448924,0.7901810964030579,1.7025253703904097,-1.7475482885704219,-9.261895190469128,-0.29295219574892595,-0.7189346958206393,-1.6721082774568594,-6.53077771827548
water,22.823051655576577,7.4235320980148884,-6.262928536715571,5.210583443793071,6.701176037179383,7.079857424747537,-0.5617799917334867,2.707562860824356,1.3567867741827917,-4.83911052177983,-2.364276272611155,-3.3054310933584006,-2.470925149428962,3.6721882815367604,0.902149486252906,1.617634550490674,1.9671997599781625,1.6826556733050437,2.143244542198192,1.0617341151785367,0.3042565083999958,-0.6544323264011681,1.4912837365439562,2.265256148716764,0.4945054557976137
dusk,50.77188701331559,-1.6313609644959437,-2.440290642686204,-6.960978584763473,6.30387095532815,-1.6410288091658083,8.379293465818247,15.918878200126214,-10.880144418975826,-4.859887382918002,-3.7479478616193465,5.003743332352486,-2.1412949995406465,2.1354464431518805,4.375470658913449,-4.467738136047167,-7.497345255483389,4.199800428750862,-2.8724842136326316,3.2110135619255407,-3.5291746501941836,3.817213481289762,-2.3532029195053217,-2.553286139256745,3.3018676628966044
water,18.439442850594787,1.6495600918690037,13.97748109725215,6.24839467637678,9.308708037329133,4.75809024542933,-2.099575294908199,0.7935369603508409,0.3436829530481003,-1.1768776064210258,-0.36925421020574045,-1.1422173169821508,-1.4221049928324585,1.6021110526540183,-1.2499100697171432,-1.886902562443056,4.910830677002234,2.9880776049438142,-2.5694760267483,-0.0408036317210012,-1.1562279502740889,2.227515746782901,-1.2380036000619126,1.1876399662147514,1.520858102804621
water,-3.826753784795989,-22.568633944967274,7.291644170619283,4.815494234795161,7.110474871600057,-5.139503789118561,-2.788649005928938,4.521922315396024,-0.5374854447860465,6.4560879346860345,4.1642357992668995,2.086141462604316,0.2025025321650495,6.681211865532354,1.2298932826451556,3.220984372730716,1.8231416766497683,-1.035286651264484,2.095370031477791,3.224669180006957,-1.4944482583481138,1.0356663436903515,-2.3228922312451568,1.6798057530183117,3.6866124584677458
dusk,-1.7767526035153591,-19.897915481119423,-5.566950045468221,4.522237035829562,9.35571565532494,4.2161653007171624,-4.356540432537111,12.052526571017296,6.2511106805885275,2.569571454407157,6.10295586981003,6.740696910165616,-1.513736851176218,2.6376460160369906,-4.0188651044680475,-2.0763943580506727,2.994581188161762,-4.9221653631865125,1.145814218913827,-3.5208532134609007,1.1582626029911545,-0.3583119472633695,0.32486147576693625,-0.7201471463691261,1.9896146708462181
flowers,5.005268905685939,4.556585771121835,-4.17596160712137,10.64027140510753,8.801372867605092,1.1433369424121604,4.490392790355683,0.17297426674888772,5.880458557083526,0.21884772878521158,3.1456286237489515,1.1201180168951765,0.4640544340667427,-2.9294432187893156,5.188905731915767,-1.9617425734711176,0.47296702000212526,0.3557678936297737,9.15960134784566,1.5678812823650723,-8.547083055850242,-7.048271628403083,3.691576650834248,2.9247024481463257,11.302038304947875
impressions,-18.028919968739473,-2.78146701691301,-3.048694666487031,-10.133002381667932,1.8183327769205178,1.3714935178017031,-0.28078522543088175,-1.8868887612269745,-9.522439457849154,-2.598967336805926,3.509676816168667,5.254311325802458,1.4291002141471567,-4.455771977283763,-0.8094134764365903,-2.1957577918943065,1.0198500136409518,-1.2266637609203028,-1.2569042411255928,0.00915545683437848,-0.4269137067101987,-0.8051168386843854,-1.6486780822551075,3.1392166124003285,1.6476172956547552
impressions,-3.657022422605707,-5.591039710734689,-2.6803106872717937,-9.255281180824321,-6.4551521543213415,-4.658263495222526,-3.2819272996780002,1.7655716698931674,0.7621290880809806,-0.9051205488791008,3.760487766896825,-3.9418725662151997,3.3933125890906735,-2.3881681787933537,3.725542156044832,0.45068105069422687,-0.12486274744205406,1.4719241911946142,0.7029670973709828,0.9959956227103212,0.6114416041778453,0.1728882669302702,-1.152662791730945,-3.3397197153141684,0.5097312914552878
impressions,-1.6791153617411807,-1.920979307926885,-8.40115708216837,0.4942994615449547,-4.009386963425701,-6.446730286789765,5.817631962298196,-2.7243225536036193,-2.002627906720889,-6.570267704138278,2.3152172196636776,2.5159575965572745,1.7079837706291734,-2.8060624293057668,2.233469483311434,1.7786203841093848,-1.3622511694687378,-2.1360805824035305,-2.086699666573992,-0.6205586433793023,-2.471171160240894,1.1816034585358846,-0.5544920543897521,1.543781677646938,1.3364388216530076
water,24.943841304256427,4.396750365577454,-7.343989104215694,4.25401825341295,-8.472194718702218,-4.787403297145611,1.4682682364907753,0.5967746879692364,0.6578017585362458,1.1603334142603048,5.16206846245595,4.475937680211929,-0.20649947637414576,0.8678766892169064,0.12401110487998815,-1.5378669717720597,1.4388009524922967,-0.7316562379540908,-2.2289947562246155,-1.8737901918552742,-1.0911821211855575,-2.3504782010634946,-0.9062705336837092,0.7999658547834044,2.453154626832905
scene,14.778754965677352,-8.00022495774841,8.450487685612373,-8.499441510052387,5.419794275974572,-0.22796070138809904,0.9001187181164002,-5.710439301583731,4.827998663866768,-0.7976321681939441,0.458719768834975,0.21107358767319617,-1.6347580203729735,0.1965643790002355,-2.141473599333356,-0.9296975353437121,0.69425633889149,2.9473012146006083,-3.2934901918899033,-1.824925657806393,-0.25887773627781546,-1.1712016378414503,2.0390796073964625,-0.3410540027005067,0.0482623549673943
scene,-10.170183721538663,-0.6671012701864174,-4.77590803082514,19.294883002046667,11.98838634652102,4.163484638107811,18.59926996738793,-8.446995595254979,-6.258243775893477,10.578132486452898,0.6616265003491529,-7.261788889861061,-2.7839144862530976,0.7709250391622273,4.153412252057667,4.879291992451209,5.558945918656498,1.3725140710551942,-8.534861015967083,2.4037003868443043,-2.1232548054013844,-0.4283013336131487,2.599623255033618,-9.251196092887731,3.6556599152841103
dusk,-12.566920640942651,-8.919662763528253,-2.6994391624620686,-2.4008729123146906,3.5402522215756878,1.9373038503246416,-4.255473449143042,3.2826142215875316,4.956887081895971,-3.3696121673156134,2.4945324743278596,0.5823240484229708,-1.3614537114569711,2.78167312233689,-6.033518628534877,0.43389041246848725,0.46012211911855727,-0.8465956167865427,0.8130134940932452,-3.146782352073698,0.2660179949635421,-1.3066145670254268,-0.09839788431828,0.8827894642253306,-0.04469685184469791
water,-1.0891527224660102,-6.336312473690495,9.867239198472033,0.7707330095884684,3.232283577578086,-0.12173731256144482,-2.6791053774314406,-9.752897358718855,-1.6516192962087106,0.6559629578589458,-0.30805935873606394,4.491338221196752,-8.702620765732933,4.84798707622841,1.051521526016261,-5.1639171035294495,-0.16926454207609823,-1.2733536410407909,0.8224146293917851,4.790081093790914,-0.22468900240421366,2.1912225762924336,-3.371595772469596,-2.414440982658448,1.1085893306130454
impressions,-30.698839354396185,3.255782885609617,-1.488471875388803,-7.767711769865185,2.0761066314299677,-3.0355796557362393,1.5005136838845257,-2.8260189828920406,-1.6329155726577536,0.4464648869015162,-0.2366017435956972,-1.5927310344298842,-2.919380140122859,-1.0992689329271814,0.8830808134163034,0.2548835193981526,-1.5302020892644228,0.05702412334214611,-0.20873482304681273,0.2882060768220403,0.8312085979129391,-1.0540372719039752,-0.40449743099550156,-2.17926794329643,0.47908868018925066
scene,-11.92871594802886,6.928169556092329,8.413230240498102,12.068707172425038,-11.58756774900148,-3.680159174306676,-2.1541304306316698,10.97829253419682,-4.320437669743926,1.140696130168279,-8.336980944979597,3.0762459049531827,4.515784450451902,0.04173040530713411,-0.26221655764242474,1.7721424692522323,-3.423090490648814,-0.7325649811066796,-3.1870763560581006,2.4912224111950043,0.5819573065315887,0.4686628199223599,-1.0606232072499238,1.3609740229582874,0.8903288162994181
flowers,17.952699267795452,3.293214609327516,-12.125149106939965,0.8958144719748398,2.377432524121395,-1.5478382507232171,-1.996230204489936,4.28686765674873,-1.813466986739788,-3.015530356684016,-7.143884987209078,-0.8853547917343005,-2.0964562773106645,3.110961306082594,-0.45761314160124805,-3.58691156194436,-2.7967960979438247,0.9709989223105747,-0.08574390469371998,0.4814123249698198,-0.06435281920148975,-4.0865395227972545,-0.07940810827445893,-1.1044773077160883,1.245512465159181
scene,-10.296619233599156,14.208403272683302,-10.84134532067935,-7.920107312140199,5.584471805098784,-2.0011660509944007,-10.497346266362623,-4.508485210763748,-0.6865314841082159,-0.6882633617197909,-3.5737669576367344,0.5692199108812919,-2.4562073373083626,-3.5001210042562683,0.6093995168212906,1.886517319164235,-4.324572556389117,3.0876450190062705,-1.649042920571096,-1.5771374080355434,4.693256827075277,1.8059357795143427,-3.2737941952401934,-4.940013880723015,-2.552609519748689
cold,-2.320861043093357,6.398003573488349,1.2361431617064569,-8.089139866567319,-3.730625319790192,15.65115166811263,-4.445322489129645,4.2337543773433195,-0.2761406809031248,-0.8854956568382626,-2.648944852898907,-5.709757219859141,-2.1900176724389464,1.7009668668049036,-3.3594597557117294,-0.26628326085472437,-2.537989035254129,-1.1872379933938983,-1.0087426686531982,-3.9745770066426873,-0.7740104551037745,-1.462084853043346,0.16870884571686706,5.051134208755944,1.1061947254384326
water,7.674458596856725,-1.8914922465631832,1.8099839499047745,-8.564078688120292,7.322435264547502,5.179584608100176,-0.3751715269591888,4.632536012885846,-5.59773768368788,-3.5447546243616896,2.2571812710853263,-0.9397832430495964,2.5274777615911885,-0.7429502315576106,-0.4149339295170701,3.3477072939472166,1.5608786373954664,-0.3139546852726716,1.0693118377319735,-2.3696723870183494,-0.735608545789318,0.5031542540237921,-0.23093465316046424,0.38161185844622186,2.8281353709086288
scene,-18.598075395590037,-21.293329387685255,-12.185000648510584,11.454030538717983,13.237044905775871,-6.324652831035497,-3.2065043514713425,2.958677709303114,2.1544121729965853,0.1882500878859214,-4.444825222611056,-2.86913189801508,-1.7001264244236682,-2.8299682325545334,0.058186023976423085,-0.6068630424623472,2.7505205544653974,2.211091163421146,7.886470696088816,-0.901558456308046,-0.47850083321850845,6.6681730992892385,1.708773292974075,1.8577904132553213,-2.3240622112970843
dusk,-1.546513222418461,-1.3914032232059779,-13.222657320528906,0.02612980711733865,-9.501911542728537,4.00670069733109,-5.353587579589744,6.916311846812104,0.19114366803920346,-8.696695358977463,5.358554348685917,0.3123152588066956,1.8925899730383815,-8.41453913236901,1.2760611783325686,-4.247513107335975,-5.144734728067875,5.839324303497261,0.5212549678712279,-0.315987751491802,-7.167846655459694,-4.011392792409637,5.079501985150586,1.8333427566583946,-1.1168821397595283
dusk,13.241529412366965,1.2592482696659217,-8.147750953151139,0.5983648377868881,-7.811665418137573,0.35759011623955583,-0.9412736062739786,5.9021170690312985,-4.112271047725314,-0.6304707757054958,-3.000099749842649,-2.4043587208785095,-5.2688360378921475,1.9374831331462359,-4.909020062067263,-3.2798462055723383,-3.858184639903933,2.774889041967562,-3.046615788761866,0.22551050214557103,-1.678054431452183,-0.741002748139115,-1.8749603303003537,4.752059752846665,1.2427216920203967
scene,12.138936106988046,-8.49740746196893,1.461680163699112,1.362806083720883,-0.02107139351752668,-9.273621967492078,-2.3522332144748987,-4.410797610485134,-7.125991446322523,3.0758358381749904,1.107971991094336,-1.2136308304984424,-2.1730400994417827,-2.3976713786605175,-3.4533832589578743,-1.4146710103233051,-1.1792918518085758,3.3192642539337953,0.09395820428098159,0.7500160524592112,2.277511025274713,-0.7514355777204873,4.541010766471915,-1.472461227129116,0.32193884003278134
water,37.29676987792167,7.188705347399852,20.24266426740201,2.471999415853243,-2.0775691159241734,-1.1742736291946718,-0.3087111878364836,-7.5696570718472245,0.4100437839778739,5.020275327757671,2.5692050081445785,0.18185286282617757,-0.34312319390799284,3.138265842501293,-5.283451764814465,-0.849061686032502,-2.5579439892476876,-0.675173011284239,1.1156391682705462,-1.5692576602900792,0.9908014279684063,2.7342532135235134,3.0015748312473285,0.7399024165418031,0.27790460310467
cold,-11.652812548418135,-1.8505206393713676,10.132976015953844,-2.741705037720439,-12.641662776060308,2.877161171600762,-2.0924011061361503,0.8432466104155183,7.365800844604627,0.7442447989658166,-1.4439132622209248,-2.6290137115076186,-5.3543910652295414,-0.5262841328082969,5.816260148537276,-1.2401779390151588,-2.7751010251110846,-3.442307107702172,-5.170520983127564,-0.2438158290402606,0.017754116793550576,-4.682101288788591,-2.6708525015252005,2.717910604265626,-2.037595466565612
scene,6.519418775948358,16.129078795494372,-2.7720416616269272,-8.397280029242193,7.267718119262562,0.38298684781094117,-5.97705921684464,2.7228193665414584,-0.4521464133554481,-1.2666700468764225,-1.3771046386002785,0.060211015920850125,4.188904619584441,0.6027546457719166,-10.296070712775643,1.7999591254121192,4.147440100523031,-2.366524855432913,0.5119946886094473,0.8486680021600193,-4.350658046780846,-2.0667545215773835,-5.474895769329485,2.829978257836369,3.8150413756303903
scene,-3.00824832602393,1.4206800485043596,2.6487629302781523,-2.274992416827104,-4.274812006801026,10.26411313163312,2.9618844903370496,-6.19754455196906,4.369921571872169,4.814187319405656,6.248794957554884,3.6786300993280405,7.9353156074376425,0.5142204229956431,-4.521754327994882,0.9672639020203382,-0.5291899621593754,4.906696621771481,-1.8574276851495013,-2.13905792545503,-1.1788550779267932,1.3980481102323563,-1.378869646061733,0.6259482991219725,0.4814596964063854
impressions,-10.637071657499607,0.7191163874018586,-4.012063091110841,-9.426958183581212,-1.7510081053665911,-3.7241598281243733,-0.6839337335267545,-4.866129498161113,1.6633346404120535,0.12454100144634637,1.211945068812103,3.446269904836631,3.3883298961629333,-2.0099830138660413,-0.29063004272066334,1.0067909844600924,3.171964311553767,-1.6738021832960939,-0.5341526903149021,-0.7117859031441125,-1.9120429354809205,-0.22741128633799015,0.709286232072289,-1.4586657140104413,-0.5306240291057397
impressions,-18.464769593126398,1.9661835548306545,-0.8755946218120796,-7.3578315849057105,1.1746644532964872,-8.132413944264181,4.765331281056155,-1.5150836517280521,-2.7533112902012653,-1.7969913074995978,-0.2836260867827274,-2.047898980359005,0.9274134935095529,1.5186753636655779,-2.04220977221543,-1.3801692400861325,-3.023116618182452,1.8921018884817817,-0.0459327516545096,4.025634396828832,2.089051919761559,0.07897487342960426,-1.7098899631101347,-1.5826245618242563,-0.9650020101764776
cold,-0.5475498498529139,5.279456166771903,-8.927766124933575,-2.4465835172560317,-0.4726824526690318,11.571007967149704,1.5820287375179434,-0.3058744640253057,1.9341849347049191,1.0507959598480576,2.2924210859974563,-0.28236882301636607,-2.533107893247869,-0.15396950188161473,-1.1612043623367718,-1.3762944481967097,-1.9049653853302162,0.5168674414112888,-1.0757474531638553,2.24394491048337,-2.3431903910085716,-1.102021276954028,-3.8464829339007656,-0.6346139678447228,0.7361618893091901
cold,4.552543009072994,4.427509639817895,11.4922294778333,-11.874605117871434,-3.3823258508240523,8.744803191209288,-0.8517285815326053,3.0602853332062843,-1.028026086136078,-1.1492754916734613,0.22281780491866937,1.04839557796532,0.2522480098673206,-0.2546763364902061,-4.863725803501345,-0.41739957740918765,-2.7368885311548885,-0.9933200642161173,-0.8109911591418668,-2.7804596780956454,-0.39783764525811144,-4.073118975153005,-1.4393190966077678,2.664914911510494,-1.8172184766549386
trees,16.09289787111228,-0.8323686624931466,-4.988915548444742,7.947241623094666,-6.229497080864826,1.2691565361036194,2.1096338913868653,-1.4375581806387219,-2.8802841454606742,-6.246297731835844,-1.0861335345651186,1.0726943255981927,-0.7726225034790526,-1.0174897839013843,4.407672231348897,4.787581961237585,-4.097722427180971,-4.659371791672981,3.1781302971491434,2.4740507758887116,0.7692548615122595,-0.8082317736599074,-1.5522623854392652,0.8041634370232489,0.5599427760839643
impressions,-23.10787819474775,-3.1599128188379657,-2.9215164119317287,-1.7689023205025485,-3.3055268796847717,4.60332434805174,-1.7265003706163515,-5.7248513226466224,-0.03876209726246434,1.079473756401257,2.640529584240862,2.7535619350693112,0.4392356769259783,-1.6878202368182054,1.4894312920630968,-0.8605487387816286,0.011320334725454694,-0.48929848544205595,-0.8271318029135564,2.9941551919023373,0.08181740604441061,-1.4930272591925564,-0.03222488548899864,-2.3553508184754604,-1.005148105390918
scene,-19.749438045314875,-12.772944324845271,3.031958248091221,-11.475530122487486,-0.44640901726307924,-0.8360295311492542,-4.725899065830054,3.5004996879520367,4.209716572095466,1.004727213995037,3.4119491490326146,-2.6271594187006038,-4.389551359329293,-2.1265777294645836,-5.364809988192123,-2.4310435445341354,2.593749932231775,-2.713312582868403,1.3096799716355194,-2.6380928107664796,1.244077734638831,0.6228617080786067,-1.535957732312526,-2.766706692274918,2.05068438553349
flowers,2.8356969379931014,-4.74943612518275,-3.297644918072773,-6.995300532401298,-14.663126214129555,-1.0323759225521205,-0.044248135483914874,2.975064513339261,-0.9212715670539364,5.8040284201076435,-1.0619116517021718,0.859392565281277,0.6079696697942176,-0.23761269818813874,4.6769001328520545,-2.0054174936814437,2.749637968134307,0.8735315271305368,-5.239826373656751,0.31871217315686035,-1.4712465231224925,3.3042109151155565,-3.324179237581966,-2.0092833100714134,0.8778267009513026
dusk,-23.82210644350083,26.249587866756546,33.54999844748248,10.615619245098372,-2.1408859393305626,6.0889587370225025,1.351715154389363,-0.9253725088972806,5.153316409899932,-4.895975141842891,-1.5968701033711217,8.517940826455709,-2.6030442393851163,1.0159899359045153,-1.0555977442941127,-2.416924587370713,3.6106489439139122,2.2818259572186537,-1.924226916560072,-0.7469817301185848,-3.06137790016932,4.985767748395299,-3.5405510894266152,2.9540679049339333,-3.1107065273422876
dusk,-35.620654711604196,-6.232958452289262,-2.3793630181430263,-17.719699363988873,4.979141583560445,-8.656644584358675,-0.6056191342169661,4.958012141873462,-0.21969432503598962,-0.6454436070512847,0.7787774118940196,2.2175690054058728,1.7103793735070725,-1.1262732402088573,-2.27261570326227,-2.6803116991465226,1.7678240489342145,-1.1926534731440648,1.3553053319984085,0.10216743932159755,3.1925571970744535,-0.8175843956411895,-0.9737282343092171,3.007635864622195,-0.44027676290500745
flowers,-15.513205165645429,10.513601419754236,6.525198812590016,-4.580337068398375,10.28372504272221,-6.6051554916579684,5.6076381541771045,-4.414485782989907,0.9766159394475683,-4.119392339536622,0.5321033150467149,-4.80477827118618,0.7808618789258214,3.2942151810480143,-2.4097692871354357,4.6737102388731495,0.3301203721179108,3.8073317171493777,-0.09196110407890158,4.324257619685305,-4.856866556499927,-4.23962811121934,-2.2467887642034783,-2.2313348046876085,0.4689097234620522
cold,-2.5516876765720946,-0.7303007849704548,0.8433368334902439,-12.58708626564462,2.183995575863811,7.691351261434837,0.7737867038754912,-5.97247151941318,-4.647459410607381,-0.7104113526728688,2.7772035771568193,4.059285335365589,-0.01299673989151779,3.2417287057164805,1.8634128636625755,-0.7365321467841875,-1.4484124870374226,-0.6564718933134587,-2.1173137018656565,0.32190896199021324,-1.6666246090986987,-2.3005174999441698,-2.628958519136735,3.919452875244626,0.518873541483241
oval,-30.76073888240612,-0.6012367671347946,3.3229876344293974,-0.6448135876998037,1.2193978867503563,-5.480897911352419,0.04872463995283974,12.882017044405366,-3.3021337499554315,5.27930100518384,-1.3340377330384323,2.9661266196579494,3.815748066615342,2.258510142625503,-0.835896100173459,-1.5862410794130708,-2.6692525146664434,3.343425323391708,1.7948701351477547,-1.4349113231647832,0.09678974498088955,4.037284245914365,1.147000221398,-0.5956541519368882,-0.886785988028934
water,14.734548227557472,-19.37024166492085,14.097356016039713,0.6973138772797599,-10.404577910383184,-3.597195766198801,4.49897646964794,-14.480783984498434,-0.2971670489951686,1.789583381344821,-0.4645965389686692,1.1822398357378845,2.941767012447771,7.153524843238799,-0.8125607340557542,0.600534775801707,-5.8801807718548735,3.674085020781878,3.9600083570291913,-8.304333431938588,1.53185577882914,6.653971143389161,2.589429150400271,1.5644258803461901,2.0284730315473367
cold,15.804819577823867,-12.500763948101092,7.270433677891663,-28.203899000586425,-1.5681558714000903,5.2883505170153,1.9464708256214036,9.047925722969689,12.901918873811832,-6.919005917268321,-7.186242780158053,-0.534861899119538,7.734975722872889,1.1813239377733147,6.703363568509254,-0.7706920000480108,1.975035142041717,-1.7653280365159865,-3.190845423063201,1.8132595296211464,0.560621925297226,0.3993354255885198,4.83469657402877,-4.421089825898015,0.35733661577477144
oval,-11.288927492495404,12.258744378139621,14.462931366493521,4.52120522969771,-7.616990145226919,4.74824006863975,0.2742199070605856,4.348308810193176,-2.473302475918447,3.1830108428456154,-2.2847178314731615,0.695489690853511,3.08678046441619,2.876911109344571,-1.2235758019484921,3.934362690624474,-5.17537942730788,-1.5402827324658444,3.5345316036151306,-0.9029319783613375,2.8444943185117983,-3.0413279934375197,3.3217417208755218,-0.008904559320301202,-3.3729369032352223
cold,-12.797066637116481,8.817879537781469,-1.3146095158169442,-11.240412799301602,-2.1023155573082413,3.245565094484308,2.194328728438073,-1.2618849457140016,-2.994570266970513,0.06721857729864984,3.269548999763764,-1.1558751931854008,-1.0646005282205742,0.6781758655774787,-1.310314531212533,-2.0309915886658745,-3.951708716689966,-5.31443185033879,2.478667739672529,1.4068796935141434,-6.255049086876274,4.831348746971852,-0.8535041766751864,-0.1504554433447234,1.1144874211730738
water,4.6828121532784,-1.2898772236761449,5.27996507200872,9.594761167270098,-3.358616577432748,7.425837287912077,-5.708776564768101,0.745653703181151,4.838742008601669,0.39720031406224093,5.930210314866293,-5.1711181492666665,2.809319665199466,-3.30243620615989,0.7042879175567862,-4.063858512877766,2.2412034959801512,0.3255253480622128,-3.6846231880940405,-1.355114486818969,-0.6913970958587295,-1.0254124533788398,-1.5383989955975925,0.8985259419967604,-2.948828923535324
scene,12.138936106988046,-8.49740746196893,1.461680163699112,1.362806083720883,-0.02107139351752668,-9.273621967492078,-2.3522332144748987,-4.410797610485134,-7.125991446322523,3.0758358381749904,1.107971991094336,-1.2136308304984424,-2.1730400994417827,-2.3976713786605175,-3.4533832589578743,-1.4146710103233051,-1.1792918518085758,3.3192642539337953,0.09395820428098159,0.7500160524592112,2.277511025274713,-0.7514355777204873,4.541010766471915,-1.472461227129116,0.32193884003278134
scene,32.697478418717346,-1.8268454720856229,-16.672160063964423,-0.008637976621747801,4.341311836218691,-5.184703475175718,3.4010577440796474,1.3712298636559117,-8.926267950968988,-0.7996117274671605,-4.1819502918674285,6.785816470987628,-0.18432769209632227,-1.9364543611078235,-2.2885203543797576,0.8561190699070981,1.0554905482850638,-1.836068431860425,-0.29961916054401,-0.9276550532736043,-0.6953142144558708,-1.051630407894383,-0.9386046485611741,1.124017270599847,-0.8645595276950548
dusk,18.443265273378106,4.573200707942999,-15.208856401734362,4.845414253830041,2.279052689277195,8.738357246559787,4.757399147344194,3.69259426780247,-2.3301639668621164,-2.411046711097081,-0.9563535495094708,2.517686238539018,-1.7708526726427993,-1.343990698118716,-2.2216937423469325,0.241344871314094,-0.32642013280857046,3.9655963454905985,-1.1067444268995186,-2.66120279096298,-1.4344146193155118,-3.8053687959807605,-0.8542149929111607,0.6677578054508181,-0.11778683083601656
trees,-6.97643701703485,12.462460937267648,-13.747992029902681,4.321979534819063,4.302662776287241,0.17413479639740004,-0.42856265868547766,-1.9627592902881983,1.4125427505166452,2.476026574413702,0.003601853989885128,-1.5422237400635463,-0.2076042198771168,-1.2254272912701163,1.7455309940991517,1.2063764165341093,4.46644888374652,0.4249324118478666,0.8074463647667478,1.4717998063891982,-0.20379364724983146,-0.9580377736809357,1.9754786878638344,-1.8072829515005913,2.0230309775044764
dusk,8.878674748823718,-2.1789443778078423,-5.794873171223994,1.6857860233544621,-8.134381772901012,-4.652709075741141,-6.626396096279877,6.847841905223133,3.5748052261657186,-0.5518514032198091,0.3695542605508612,-4.761381359120098,0.11950453479749606,-1.0009593806409511,-4.9823028521524035,-0.89382115082724245,-1.0364492354997017,-0.15377790305455785,0.728403873001717,-1.0905190109727718,-2.6002394368224646,1.7417238900890937,3.750157601982113,2.737520725074047,-2.2933427533677744
flowers,4.207194057938215,-10.950969854575673,-10.298402386867474,2.679622100594678,1.0403693104426812,-0.29884067318923424,1.6257182734993814,3.5849091384559655,2.156635891264028,-0.36564569422546667,-1.4416874998073577,2.7393580956547705,0.3264219527136457,0.3940649163675799,2.2879806739228936,0.4299448817382835,1.0429530052233613,1.1403124979577128,-2.19784590598295,0.4136847770300639,1.406588257974037,0.7423595791689472,-2.4186215573977643,0.47620546922379764,-0.10010250685086655
water,9.602652098501775,-9.386063210914944,1.3646641780200932,-15.23095064395684,-20.025063458954655,-11.501217819212645,2.335238116270103,6.13750450629956,2.02348376012013,5.960818519860025,7.408340853933212,3.3949538369705348,-17.230901508932195,0.8648076638601048,-1.4095097178775082,8.439638306405342,8.245657457867173,3.8971680231014414,1.170315247144916,-2.993181228783755,2.0568522553852224,-1.3476019260645893,-0.45089785558507955,-1.9080138252965186,0.4898662129802886
dusk,7.96001029320985,-3.206100669899989,-6.658122228586359,1.1278088664984292,-8.2670787206068,7.604093714879845,0.643020981670744,2.508248188418496,10.217562807379643,5.378590623390939,-3.856827720941108,4.102327010434219,3.5277516389038005e-4,2.4973013405130993,-1.243135941007094,2.17273999372161,0.31142934842229275,3.6795134734142367,6.5327064478011545,-0.6192186150618367,0.32205698542381006,-1.395805041490937,0.6993089973968393,2.84282166980284,-5.1875073438659864
impressions,-12.77481842151907,8.208217607777232,-4.734172935107714,-9.37797478391014,-1.9792364210197053,-9.600492281375912,3.873572078519528,-5.19428741386572,-0.8697661870619052,4.043087853150949,-1.4205834068316054,-5.197588993559842,-1.6179844756875656,1.3738951592984807,-5.1177238235384515,1.3218952692812538,-2.8416671564079174,0.2459833155978296,0.19311787555712734,-0.9937715754904841,-2.271193054733241,0.27079674740617277,-1.043955091088355,0.228261826654134,-2.489712649652217
impressions,-29.125658857536735,2.993407413942037,-4.092565920788044,-9.076664090752,2.0674686282852437,-3.692120877987283,-1.3313121782479538,-0.12277259427161505,-1.656116792374817,-1.7097546276285325,1.534355057707374,-0.5536658154116845,3.6267466790814784,-0.640749870199441,3.5083836914156983,2.5214552474775163,-0.6399346802009953,2.307576389199436,0.14218366679600553,0.8908450070883059,-1.3833954641971653,-1.6824848312909817,-0.6653654574551101,0.7841858020740096,-1.8351258192051916
cold,-38.85447230645793,-14.459288620767943,4.048623429907304,-2.14501369621384,3.690969394273207,-0.6083963333365162,16.623482589181506,1.136497644590075,-2.125792535140392,-0.8372793201254171,2.961816775315022,-4.495749341233781,5.916070491287698,4.272433028751515,-4.426073498102519,-6.206802338676838,0.8497681282684605,-4.327611719910283,6.589215667145336,-6.0865805113457085,3.179762379253475,-6.059316942660092,4.32622192207979,-4.0854831908827665,-4.529897643064657
cold,1.2097548979955743,-13.112443414808885,-10.455481801553358,-6.90403816092459,6.275920725473523,6.490219467475743,7.939170429429199,-3.753013787492367,-6.775575925017256,-5.771162986607609,1.741275638667252,2.635384697686071,-5.025076636243859,-1.786600340686392,-2.9974762168307842,1.2338834035408985,2.1105688911745895,-1.3889177068506169,-2.1157202466970055,-2.2525560296848695,-4.230545565263573,1.3509626364749743,-1.6475322958605578,1.9421142262853477,-2.336601996673832
dusk,0.022463690088472592,-3.241408414144016,-9.582226645586896,3.359324354526798,-9.155169073892257,6.055667628560794,0.936940561955183,1.7508399331059776,-2.555800536511101,-5.41930076148131,8.635407622755142,0.766513125277568,6.783501059257807,1.0042124708607596,3.4849729012986126,2.084939115059851,1.7728476283568086,0.5528606732080473,-4.503860109327437,-1.809101884441984,0.7115312563728746,2.1253960928929154,2.2835507769020507,0.38364550086769145,6.1085655633669544
flowers,0.6787128842161606,9.364755921361988,11.261301364179294,10.562818081746382,-1.2267698447043682,10.894554701951266,4.112620321111715,7.405086651931187,-3.029862878081865,1.7237783280478702,-5.17536601530381,2.2007787179802443,6.443898963299181,0.07084646106128004,5.645811575495047,3.797380144660468,2.083303617497685,5.006433147640704,1.8631112302899924,1.7833818148449878,1.3566912310846124,-4.806577962204221,-1.094249794324227,-6.6240860864450495,-0.6403727795270949
trees,5.369828497240808,-8.52015293345438,9.486156646092855,8.271594758065753,9.179788566535294,-0.026607642327631083,-1.7634278450989023,2.6256771915037533,-0.22248437470393342,-4.381521117205587,2.1996069683296096,-0.8754814359250367,-0.5761326709158432,-0.7384469956619748,-1.2106657986678244,-0.920178254651304,-1.685486294168931,0.2412086479652881,2.035766219491533,2.3809305136844117,-2.763725163560265,-1.5989165546448114,-0.7813803793285377,-2.0155476904429577,0.34506971027785355
flowers,2.532503165826598,11.758706529211468,-8.852733698994557,21.295124056953807,-3.182233354358935,-1.8359161031583147,-4.553713231038857,-2.45241349315611,11.327418307340794,-0.4246339155126788,-2.017749943484463,-1.4740502018469945,0.5310024241666048,2.348199807259786,-0.4623694194127137,0.27417098893063885,-0.42770263289518445,-1.9670303041082269,-3.799390388824821,-2.474561191724747,-1.1024378557823133,-1.6340304164726631,-0.1601400758792288,5.325898802499081,0.14165127380328835
dusk,8.648744775219212,-6.466480432427597,4.508742510120732,0.18950536635492757,4.23320474553378,5.535047848182556,-0.1573870829991896,-1.838494683346451,-0.9243024575216734,0.7754379484745468,5.549880996890231,6.573968559723461,1.8952202427745855,-1.0290344042892472,0.9974666796942564,0.030986276252384273,0.7188616205988264,3.2437965164326426,1.72575450900852,-5.3106231143959155,2.431201479574838,-1.6410784869365533,2.6270020817835573,0.41583783815983316,-1.4667272712488555
water,6.454908151470917,7.223004533974833,1.528285511922544,-6.839234666303112,-3.3092509078950636,-0.423372420187313,0.981463353302504,1.4429295270096527,-0.885292500043248,-0.4775893919604622,3.8812014918591045,2.036558086135421,4.890431675947597,-1.1326015369968554,0.8608925120560089,0.8223343070479446,0.8300378920896652,-1.4572075847873731,-2.9341284069555535,-3.2516519870024356,-0.7642144570874544,-2.5885879222080774,-2.45810654377968,-0.42570577878120225,0.10073173535344843
cold,-12.534331231951287,-2.6224029947975307,-12.018800922967127,1.4990675209527966,10.769038283752531,8.597389138926808,0.8253826418448041,2.7548034061615803,7.62457691874266,0.5703168927977752,-1.6450042847677666,1.4790070796857273,-6.995201019247274,1.7518029656359762,3.580169157797109,-3.233006447361694,-1.6121876414291747,-6.22424798704534,-3.4644350156304937,-5.143492740380035,-4.124136285315756,2.0874975210077706,2.2415888116850167,-2.8901344675764613,-4.261131567149947
cold,-32.175008335835194,5.31115583647426,1.2895904587054532,0.27798846682918626,-1.7421910910064966,0.95514407010299,-1.5854144236908465,3.8825648592226876,-0.20256347477012365,2.4076879427505338,0.8794966805666371,2.00657344112044,0.7189448213715207,1.4329567838371242,1.9847096570047777,1.1210845767343551,2.4075380555345327,1.003642032317205,0.867650661616216,-0.21843664566907062,1.4710043505287815,2.953080930474826,-1.1290944037151052,1.2024924165362099,-0.19683562140215713
scene,6.97562544414949,8.447613872961366,-10.6375213615301,-20.876819179157465,10.947092123897564,16.98087947415048,0.6464518658996576,-1.9275702229132938,-6.359564963206991,15.473457953199148,-15.743792625273702,2.1028966537874703,2.154760769277521,11.079884015405339,2.008798378188652,4.1809245687150565,5.338615776814403,-4.570788194995948,-0.7234247121164796,1.4343662939447808,6.6501483099742105,3.7235936387736928,4.687074405568324,2.7015537189635657,1.4944462332245754
flowers,-15.790320401604934,12.988580274695137,2.030589672500205,-4.519684112228629,1.4238736315134637,0.47789932615096364,-5.771106111811761,1.6826051354969682,-0.590393759909708,4.753379220378033,1.9054884295409114,-0.16679720237548026,0.22781443487716377,3.0552229195416634,2.3569927072564694,0.8307074078464445,1.14917507472177,2.1385622320163655,-0.2401838116991145,0.28658759311223336,-0.7951515614847523,-3.1740154733521524,-4.4966247418517105,1.0895655517032263,2.4674188490784896
cold,-14.90642636115825,13.083019882019888,1.6892698946712015,-4.227487310928508,-10.33686934994054,-3.5525066414051962,2.419299774779764,1.6638068800244235,-0.770371856431344,-12.526776136537098,-1.4834356043678711,-0.5937863949258301,-4.077285963929528,0.013320813741181431,-3.0208685119533754,-7.099861099010471,1.9641139495452018,7.461021610716141,-1.901357357298826,0.17040891049653484,4.807475939581731,2.431333504771931,8.690210835941675,-1.055339456378109,4.403705658610756
dusk,-7.528377887579178,8.11239085904604,5.330670518623047,-15.639526466823334,-1.0101382598893274,-7.513132344110651,5.305407803712361,1.392790088016423,0.5723213031683859,-4.126655864848258,-0.8618960120957103,-1.276708659136699,1.594090801626613,5.9020658692971555,-0.7505582977882713,-6.496741481562294,-1.9546309776607294,5.008678600583022,0.733707104542673,2.9153636804928986,4.4138587834736125,1.381068071980058,-1.1353314839061548,0.3411193877767543,0.14551406271576878
dusk,37.812581178245814,11.44875588208496,7.985030296153474,-10.10520849690287,14.234812642799046,-7.412299616862798,0.3196297635231785,-0.3968906427715976,4.223555945381453,0.1389259820875562,1.0134599798377297,-1.2764994577455235,-2.0096270384280133,2.7129814523757987,-0.2765448607666944,-2.2114140891430005,2.536276192077241,2.9111991546662646,2.9566442289282184,-0.8267709968695146,-5.4018523733162045,-3.4793046359383757,3.368811773260862,3.046471962623191,-2.5745332070784763
water,9.602652098501775,-9.386063210914944,1.3646641780200932,-15.23095064395684,-20.025063458954655,-11.501217819212645,2.335238116270103,6.13750450629956,2.02348376012013,5.960818519860025,7.408340853933212,3.3949538369705348,-17.230901508932195,0.8648076638601048,-1.4095097178775082,8.439638306405342,8.245657457867173,3.8971680231014414,1.170315247144916,-2.993181228783755,2.0568522553852224,-1.3476019260645893,-0.45089785558507955,-1.9080138252965186,0.4898662129802886
dusk,11.348792520394705,-6.364561845841095,-10.49871392963626,7.066597454833818,4.725654993825865,-4.038743991118094,-6.306969700323758,5.838424443745669,-6.341100389154037,2.8461655109617863,-1.154091521317865,-3.865926265475455,-3.546820757357032,-1.1274168176202952,0.4189781394548459,0.1002721902967484,2.5009299176969173,-2.8231543926902565,-0.10497814339696179,-1.5549797568748678,-0.07153500263944057,1.6065921632089166,-1.6206887322360455,2.239885440037382,-0.693103076611218
dusk,16.639048522216754,-6.693480513662708,2.7707374112284042,0.13968077858518846,-1.2955309548833334,-2.358046518498437,-0.11812552016434077,2.284621270426335,-1.6848551498729103,0.10230268078466369,1.3532980568098592,-2.713245295999344,1.2335488001226835,-0.13448611608532687,0.23284794060071334,-3.4388082136110185,-0.5625790450652086,0.4151505119763055,-1.8054639015200245,1.8914066519196078,-0.020600132635264626,2.301097325428609,0.7412530049659876,1.3171108182967914,-3.096562644296961
cold,15.616426847887054,3.05969708819598,10.650695316756558,7.839501080619971,-3.5825830775202223,2.8996107924654435,-4.4571304483878516,-5.962190471807277,-1.4877874470599464,-3.7096345888910407,-0.8917988758795679,-3.0587575391419883,-4.040681254770725,-3.596761755013083,2.0490087664644663,2.520711552319921,-1.1397840780651012,-1.597150377060497,3.5221453411731476,1.623748868348401,1.2401700448902593,-2.3254012379218563,-1.4495716518120436,-1.508202214081107,-0.6101684419226334
oval,-28.970460641859823,2.412078451840611,4.06415702650671,-1.6462107697284296,-9.974371535135633,-5.779754328215356,3.2977488559215185,2.932331900655978,-3.8114623001582095,-0.16067785459205786,-1.6089577195664293,5.280923775026683,-1.0646305436965975,2.879559103689054,7.047216174406738,2.36117355778119,-2.712081757014951,1.002057973746468,-4.5851801567026635,-1.6826805589025835,-1.568706945333828,6.0118050321341485,3.0238513304136037,5.307854045848554,-0.7156794482257691
cold,13.297347868904628,8.617420966160182,2.708703503311412,-1.3268940592476133,0.9735137822537867,0.808736987177497,-5.277770369481237,-6.02069114267367,1.2064221696771922,0.809419252175154,-1.018131326547066,-0.14974133621126304,0.4788787433982781,-9.879389265531671,0.9769035682587885,2.7613261791662285,-0.03683092299679854,-1.452576991880273,2.502530092565342,-2.4567360069424105,-1.3209137243770488,0.45045919491115805,2.8239003086363987,1.5104982496110768,-0.2599127064362285
dusk,27.330760848476363,-5.944323906624021,7.132816666018011,0.15302441632810593,10.16588239613546,-8.576236762174657,2.017769006002384,-1.144132374376591,-1.0658175417367297,-6.836046627719097,7.535189343273215,6.862979508657625,-0.1940285128701986,-0.629898936504711,-3.442223517508789,2.3093087517748234,-3.946430559449132,0.7803225195931587,3.4846324589272073,0.3766082462799106,-0.8202595231737891,0.8895951560618539,1.4126304168411017,-0.02984354187302731,-3.7293331742478752
cold,-8.611575744416772,-19.013789573026045,-3.1603068677324573,19.273406949247843,-4.13902012834211,7.635686456866749,-1.8629967161478207,-11.235861378311984,2.9135551831629867,6.293746460833766,0.7526897316613218,8.079826915682933,-0.41905352382746036,8.921577943164715,-6.1793187242505665,-12.383129330962388,-4.9443637444607145,6.436292601114134,-2.8856680965497543,-2.4197387364169214,4.706682782757162,-7.587487324080938,4.036563373538211,-1.406915163795501,-3.217174170467142
scene,4.926082862740331,-6.050322753944262,-7.380762655032425,4.4276831773017085,-11.979945619423942,2.3919965854656753,-0.5702099432882981,-0.262835108384526,-0.13903223320762784,1.4147699674117598,-3.6928961572330943,-5.372696058566966,6.446021432545858,0.3318108757352134,-0.33926961592209043,5.0950120235074605,-1.4535123404396102,3.3677002112897676,1.0494282247882458,2.2633804999167206,-2.2654345538188667,0.4375159037041007,0.1312798572575403,3.322124795142836,1.1906287068069878
water,-15.59432792909281,-5.383134980963213,-10.333619357264231,8.987576353170546,-12.146471104924235,3.545458392292971,-4.452507190117947,-0.79850947892967294,0.23861991318141546,-0.897480043506533,2.999400794145434,-3.0454727933424315,-0.8760847979397841,-2.272880549866327,4.958657580375222,-5.41893680055922,-0.05388306722226534,-0.668494959491742,-4.7742301068210535,-0.7257322525249277,-0.31336352866380324,-0.17936902463777912,2.5560691168769316,-3.1992280269283073,1.7074339062334725
trees,26.75725918205461,20.506120940991995,-3.183134212629501,7.206819476197323,1.5034135848978043,-0.19084936542703246,-2.7847905827708512,0.3713854337717572,3.6328566916721634,-0.8285418373189718,5.295058547870461,-4.148831097343172,0.18202684180518391,4.208107303268984,2.6628669571434616,-0.6207864147174025,-0.01870410832400607,0.06823897799118207,1.0454374326709837,0.28997034430995267,-0.15569842705353096,0.5616551259454965,-0.05585916446726297,0.7055455424266242,-1.3200245109856226
dusk,1.6037312619063988,5.2236908597182,-11.335945475941863,-2.291158452734938,2.05160158362377,2.4402546460938193,-4.013779172802207,0.48263926364476717,3.3585090234928683,2.5550481860229928,0.4131847034915846,-0.5385386826565648,-2.2020436633013447,-0.46989443451392193,-5.192713581777723,-2.18636682647927,4.336600609498431,2.7677183979483817,2.3069018116270943,-1.1014149548016183,3.7321633471578646,1.467869573003572,-2.1851269476162565,7.158327529298513,-0.017587241570385034
flowers,-1.4508800733984264,2.662894127172165,6.627665649069917,-0.08746498429917073,1.4566135700452258,1.5381753674673784,-2.734333921550624,-3.231891074023724,1.3596361859495858,-1.9980193541833176,-3.183456755314011,-0.2818984821642498,-3.5233563683184577,-3.1192343150389266,4.4448551042039846,0.3232775488306262,-1.473300692955004,0.05003310056820814,1.770068946171125,0.46618224639962375,1.9652286379102342,-0.15156900263786702,1.0988936240408587,2.5838698050966498,-3.3094847212033676
scene,2.2406748218112518,-4.396314925845816,20.701428034718564,-3.413032760199552,5.859879177068825,-1.160134722697528,-1.4005945939648077,-1.919570579966112,-0.860061209682173,1.3945457908981542,7.178816106944945,-7.10150405577172,-2.2081065335172783,5.190720507530271,3.4034754431819145,-4.504406604702874,-2.790644487939554,0.3849172788054179,1.1160890493360156,-1.8326084690557762,-3.7045482574204263,-0.2845083943482052,1.2753076451555154,2.025324379791486,-1.4761122667207065
scene,-14.869990344687382,0.25804220699475844,3.790066400576198,9.986135532259384,-3.7327371357588484,3.090119435268554,1.6711101454481136,-10.869306588277892,1.8835755748144556,-2.128462951744134,-0.6083720556036561,-4.771277847185567,-5.430634113757569,-2.317040268231512,-1.0781859172278578,0.07212384187541952,-0.4997688707437379,-0.4287934986622416,-3.1083241799741965,3.8162742196496198,-3.461021596525193,-0.4990209949930785,-0.1354090069910922,-4.727048695616849,2.472207778134608
dusk,13.67492576816415,-12.207074907391371,11.822654159528208,-3.171748607181593,4.683971951421379,3.7525549246654775,1.0427484193796022,-2.0937880838663347,-0.8111696824507552,-4.126565217791223,-2.922088922151031,-0.929530798571666,-3.3626106789378665,-3.9018164590949245,3.359184305023506,1.2329259976658893,-0.5398950559115762,2.5028406768035563,3.3286607344138304,0.9955976351023671,-0.11106821043927188,-0.15791693355996736,1.3756815829490354,-0.7479515233512686,-2.297731820869188
trees,0.7445737600532925,18.127528861447022,-2.705633732991384,-1.3978678445618529,2.766293707325809,-8.234091544015387,-3.691609733698795,-1.7701129070551027,0.024063973369626977,2.337705078774545,-1.7752888715199617,-11.916491802705792,-1.4068993491655062,-3.2154166432747404,9.203637151874068,-2.893755314237722,6.7981632040102795,6.201088020036767,-0.5567101701327236,2.8760670636756336,-1.9025356075000264,0.9642735742398326,5.759205619096421,8.963786480488041,-0.29192550975588744
trees,6.968756152497907,0.593351958085175,3.0137018052000126,3.179249085053264,5.323444571291648,-4.277151777994932,-1.725253463160896,3.3828798451838322,-2.2972622077412317,-8.421270714842189,4.840282653399449,-2.1472425687940597,-4.300840736336584,6.6219310307435535,0.3954172672199673,12.710213930285818,5.544666709608724,-3.0666480635430213,-11.322057737794495,8.372293271461329,7.697397522840791,-4.4505274372193915,7.542533783938166,1.7180000275606413,-12.894321348153975
dusk,-14.261986778007588,16.242482890963426,25.086829758413817,18.81957445087515,-9.083735256179686,1.3783640715551948,1.522250528109595,5.411094175933203,-8.260199663802592,6.66170663818457,0.5292518879925118,-0.9549558844905809,2.987816630393478,-1.4434878022715258,-5.551653057041991,11.532435457699817,-6.655137023496764,-2.559644928216966,0.9634754023568006,-0.441609725525155,5.297567595264406,-5.595244343386454,6.417572030154028,-1.0310922388360404,2.3079160059622263
water,-18.867991817182165,-17.802294397264713,-2.6119865909141264,2.832934604172255,11.478578851485588,-2.1479471660249017,-3.8200889367337023,8.913594991499398,-2.7307123536562457,-0.0030167521784925586,3.106302783489418,0.28670567239976597,2.7869863349366164,-0.6758874908343429,-4.252881270705997,0.38558857543967967,2.4501172980741335,-2.2968604207572882,-0.6428536476156006,0.7449649252077705,1.7655701531545676,-0.25911453371177795,-0.6059828090166792,-0.5110546039908896,1.6886522298819178
water,5.2239625480864484,-21.3623176401116,7.144466783199222,0.232681322286712,0.7122014863619309,1.8640298386839445,-7.541890056304015,5.20586951860581,-0.6092462880077212,5.130509124392456,-4.951801937824575,-5.429069899359893,-2.877360216738437,-2.252450124026572,2.201901576380062,-2.0932176705090724,-3.8770226930835667,-2.3246639093961954,1.9209399012323454,-1.722797918572317,-0.2927532536311239,-0.6198635817798027,-1.4315729444865504,0.24412812253468355,1.4966217312256234
trees,14.33417685722912,7.843527474391802,1.1572030908612605,12.530486163684516,7.755065445842071,-1.6128481016678473,-3.5181584185548056,2.236113180721395,3.725081924761553,-0.4358486073707723,1.5420312245836343,1.0000324439901758,-2.7249546000917046,-0.1034104924440714,-2.295796085447549,1.0833183822793195,-0.2423964896764407,-1.0082562864780116,-9.51222889073052,-3.966496140314566,2.8268469304111763,1.5035687305894947,4.474276929001996,-5.033221727139202,0.038930969231678256
water,14.017070656736148,8.146997205608558,2.0191023050458354,0.5787374240053836,8.77601940455572,6.597830336374209,-5.683639353180341,-5.910579035099017,1.24041842702933,-3.102954297049478,-0.3792741316812814,-2.2842631325740936,0.014472488870587743,-4.60273260509307,-3.337868724894544,1.197574722762868,-1.0330723220936737,-3.7536039914033954,-0.589460490980371,-2.6583236658719014,-0.06829161740095871,5.029915130780261,-1.6171771993239736,-2.9230912817057217,4.218869540095195
scene,-0.6209905609208939,-6.3307270931312045,-7.016360417952367,-3.5273400943268203,-1.530502109514435,4.084535854426474,-4.180539212386224,1.037426464678596,1.5115443685087864,1.7511619270969345,5.637027495273023,-2.6348477083987274,2.86142368614454,-4.093954131004128,-7.852693393590342,-0.11246015933217197,-0.03204366391582468,-0.4639472616805946,1.306419639722084,2.3548622260063046,3.9938261847093206,0.5175585639619424,1.1292837296014349,-2.08658777397614,0.6220377495628708
impressions,-28.418837222811256,2.1074539526796,-1.1106366039327642,-4.663563541711168,1.0549721296135297,-5.720947449344673,1.5998466903829978,-5.066994911549917,-1.9304266396285394,-0.9878279805792762,1.1585184275389364,-2.6467737943688836,2.415734328961334,-0.6204783049507766,-0.9716403416610067,0.11767408544633587,-0.11327474525961562,0.14732113715940415,-2.7332464491890858,1.905327957921747,-1.3251578633658971,-0.03815832285834787,-0.394511688096832,-0.17142174809380817,0.6831494628478426
water,39.81286335203024,7.256914826022606,-4.735899932649096,-10.908226011159785,5.204778376573548,-10.143584748225507,0.6446309975540394,1.9905329711598976,-6.8101271480715475,6.022800940792882,0.2672244258340441,3.9151349862616174,4.403672968446872,4.8792753104662365,2.396654311594233,-0.6030590066000046,-2.0877909243957697,-0.8156960838515689,1.0656859775521448,-1.5667894099818667,1.5207919092482467,-0.6868485263197365,2.6528716705879423,1.3807813280723984,0.7908310072717589
flowers,10.6227167758794,7.384191924498487,-4.847445971151892,0.7155574082687327,-5.254894807319409,-1.4357044732813393,0.15739591259737135,-3.5012186687858438,13.259793178616993,-0.9634009149087143,-4.727685088983373,-1.0968050264331486,-3.040135499281053,5.540688907430522,-4.755079692096484,3.627057210179786,-1.2300822100356066,-2.978049168343764,1.7756277158845006,4.054131486256915,0.405327513611062,-4.823068732636183,-2.289431820096385,-1.0289740340245777,4.033253800421411
dusk,8.583395288822427,5.250306021539031,-9.218607106031055,1.148644285474318,-4.1311564075417895,4.1213910377129395,-1.555157244494039,-7.2821381651389645,-1.2025355573149448,2.4419201146173206,-0.96780196905416,3.2056465843735364,0.9654973579194451,1.310536964454755,4.43894415507974,0.10824100311771687,-7.797069200560885,-1.2801238443712883,0.9726101352468224,2.976862822983593,0.048058925511589065,1.5746322577306964,0.04506108314723328,1.4347671376279532,-3.6304009585395653
water,24.603070578954053,1.4626738838305997,-4.873167003522081,1.3015363184807556,-3.4088501943739704,-2.9054908428257873,3.1968170057497525,1.317035948810719,-4.350582667891006,-4.54259192578692,6.545233666436633,4.9128147034317005,2.5583298781631614,-0.853996813324014,1.8626169691451244,4.507256257176166,-3.3132264258610897,-9.825862523927968,-0.8164931689295325,0.08952647627454044,-1.6445429656753077,-2.6061368990587286,-4.1655811137298056,0.6490925855109579,0.5054321342395924
scene,-3.2307328132657207,0.5367242064923348,2.0163227214524526,-2.589612001936463,-3.8598457727539417,10.325679876640805,3.3830775518998104,-5.9257364916645585,4.268022911545422,5.675377452544384,6.277100150324453,2.916145603631333,7.829559380090085,0.24217644036407843,-4.570008305847626,1.5145118444157557,-0.7460466428270026,4.769933807211858,-1.750774133408364,-2.187276977175335,-1.5380977843556725,1.4444536033436042,-2.4464517006101993,0.19808642484932398,0.6602749131359916
impressions,-21.29806178469531,4.38496941347926,1.6420698168411705,-10.180803799798504,-5.356167784821324,-6.0467194623651315,1.1911526446819478,-2.4878272410503377,-3.8063917854222153,-1.5421650855867806,-1.51532810349938,-3.4906032019587614,1.5506589261255108,-1.5761445759100297,1.0894016324701605,-1.1922559846852052,-3.3476929409103344,-6.678326197236376,-1.2956414334566768,-2.256199971602779,-0.92042812335979,-0.0886831694831441,-1.032502994636039,-0.9130349736766802,-0.15073484429493322
scene,3.1827913830676553,5.628443402395684,-18.697004623427674,7.376012215989264,-10.906305441392009,-8.651594285490523,5.139026195114079,-6.522750503252752,-7.68351026866163,2.0134790726498664,-0.8980492488829304,2.3080939401479306,-0.9241813267536979,1.238770746216591,-7.668086142498731,-0.4138070530695927,-3.621624655942445,-1.4926117857273298,-1.715626474916064,1.2155160195906678,-2.189137109455081,3.5086861628808683,4.217147725380931,0.30792994580438,1.8285702711976548
scene,46.28588576468599,-2.0998442507931205,14.974171721227517,-1.2715101369617547,-6.585881018128353,4.182291604702192,1.5521436602097856,-3.5864083205077852,-2.826254948538802,-2.6234813671067085,-0.6950641214017189,-0.013298796997886076,3.3547010859517514,3.5971877048397922,0.7049953758873196,-3.242056749350964,3.2643940177073136,1.855081574979718,6.631728571142967,-2.815466982727991,-1.1319941649246363,-1.1799607803542616,2.2561800055900205,-1.4682838965599336,-0.583442208250934
trees,7.37340760299731,-1.4397404418857165,-0.1750316121047426,8.037634230877593,7.761528600176657,-4.582177556305869,1.2513707506183886,-4.487750339294058,-5.312651247897298,1.04516127607479,-5.241840776059685,7.299831297933024,3.1324649188929756,-11.140098316881971,-3.9902558665460663,-1.3533431933595803,3.4322399819448837,0.20774870917117316,-5.3638901647595025,-0.72845087237163475,-2.382574302900183,-0.06293288841664971,-0.23359967616695587,-1.4136020952770927,-2.3077304070019777
trees,12.636592032267934,5.789559136258502,9.991837178109323,2.0171791051440677,11.60919915590625,-1.2697324771356222,-5.945351119994728,0.04278792115790145,1.6282027873215874,-1.686738688695689,1.946955586218283,0.42343262197790915,1.144458976683656,-2.268371578908498,1.8254256980769135,0.2939196449964387,-2.7260203450675276,-5.673177692286667,-1.4499266519392842,3.1081900294531386,7.312446996222199,-1.257691564743978,-1.4259681615998236,4.4953154735574765,3.276236963279904
cold,4.242842591445784,23.204720114231627,-3.655943103275949,12.326732801612899,2.6980570607362346,-1.790921645159925,-3.9906106189808983,-0.3504892015977478,-0.7078324490358845,-3.8814395747897708,5.455206670312189,-11.298448386973494,-1.0101356122727267,7.99657236218473,7.835848919686302,4.940113434662408,-7.17069776915485,0.5141021939009237,3.9966006334638506,-5.330621920106904,2.268440389295408,1.444421026474279,2.9734822766128697,-5.369467499568647,5.484785662752533
scene,7.591864000895881,-20.39559391638409,6.280493193323808,6.559271182817587,-3.2310601762789823,0.4971779606245665,-3.190009513434988,-1.0416353547116366,-5.128751879938846,6.18332183130101,-2.2626845632269097,2.7720879124583426,2.4998832837224567,0.7589154085127392,-0.17507602531728245,-6.1780386150233175,-1.1766720944923847,-0.35317026591222556,-1.5122225873238835,7.1582117162154555,-0.16543859405638506,0.21327097408770315,-0.6238192060025705,-1.3973561461545512,-1.4348685986463567
water,-21.466661079520392,-0.9096264451720267,-2.3670460670306843,1.76504886092936,7.191364983592812,-0.047362582542745654,-4.135674680349621,3.3574844980605936,0.5277997545462053,-4.941797203412598,8.34633090973201,0.11760123131950742,1.2971271104326878,0.5981099274661774,1.545085387666164,-0.8311996476272363,2.029601358721918,-5.341713011898162,-3.2216539112486804,-2.5694593710650047,2.0894144676243847,-3.901432479539628,1.9595593827694886,0.5604696964730916,1.7859547784868361
dusk,-11.400708654416217,0.16577850985426745,-10.497303956901117,-4.709471278698668,-5.873721937112241,13.442311127818265,3.3940869906449915,-3.350429510246713,6.411483048150809,-0.6084833768925396,0.8262460500891292,3.25296809649334,5.997611070758775,-2.3359682493461933,-0.07109947174529066,3.3338386317209046,3.1134374527821107,4.460074339718461,1.0416937422767676,2.3716771344242633,1.4773527556788613,-2.8313829055191397,2.292777975116217,-1.5417788318591341,-4.189090177036899
water,-11.544945828577202,-15.588579505967466,-2.1042185563628863,0.33215678634437207,-0.09004321454868516,11.256596052102047,-7.029095233309308,-0.8372073890464244,-1.1573210551232422,5.313677542352572,1.3045418082486653,-1.1427825808282812,-1.8939365054019026,-3.014345980233812,-0.11021163308705474,-1.4485857651880016,4.318058067081306,4.8977589722178125,2.461656599185559,5.6203103478544945,-1.0830636603842532,-2.1575886374719784,-3.5867011302961833,-2.3394158957117015,-0.02980502035801293
dusk,0.022463690088472592,-3.241408414144016,-9.582226645586896,3.359324354526798,-9.155169073892257,6.055667628560794,0.936940561955183,1.7508399331059776,-2.555800536511101,-5.41930076148131,8.635407622755142,0.766513125277568,6.783501059257807,1.0042124708607596,3.4849729012986126,2.084939115059851,1.7728476283568086,0.5528606732080473,-4.503860109327437,-1.809101884441984,0.7115312563728746,2.1253960928929154,2.2835507769020507,0.38364550086769145,6.1085655633669544
flowers,1.0145423266247569,7.107752296523581,-11.241601937963344,4.440095487489058,8.755794658834326,3.098730286579634,-3.7053544263923293,1.1259170450060192,1.5693773769257164,-4.91579595875227,3.6981551698147093,-1.8725510394955271,4.422441252355914,2.1109535995063373,-7.230294706790734,1.358342246041683,4.097621214255006,-1.71256524708379,2.9697931355500207,1.9943162205720684,-0.9134116789484216,-0.04507832977979533,-5.602014717904956,-6.41427539781689,1.1843716929991601
water,25.614325090149112,-12.100819609360386,9.399958080356964,3.334817345621538,2.1882378822796382,5.16135870282148,3.124992018512011,-3.1686759641745006,-6.953463400036716,-10.497920926991515,-1.3344095298493956,4.3326806760576115,-3.9936825374009657,-2.1973737167227076,0.30985247805645233,0.8054853320898627,1.6132558549462697,-2.4789463093917163,-0.8496356590528523,-2.5355398035363246,1.038716807319395,-1.5830516096142784,-0.7122306668366182,-1.3387638802512485,2.487449238324691
trees,8.55062091368722,-7.947192289120486,9.936145582155314,13.74760223263941,4.0468555539940105,-1.219718912019734,4.453632100816851,1.644183005724965,0.6486794664724441,-0.9522261389126506,-0.9149262541982947,1.8899536284308025,0.011097195714272548,-2.7839215252284326,-3.756257621584528,-3.8897054157034394,2.554438764195195,-3.61366603038826,0.631256328201565,0.18313508842313428,2.19650101771171,4.761065082084097,-6.59354482157405,-3.174242512575081,-5.99643127988399
water,-2.5206080375703017,17.25109855879129,-2.2781549152604645,8.117606061102467,-11.211337597529004,2.398638378291259,1.6270742685745343,6.820225449280335,-4.011406293104209,-7.798353180877079,-7.220432951154186,0.3495140013965639,-3.031891297270702,-2.522351904143596,-5.3198266067865525,-3.796514404642421,1.463721313955257,3.771108436874838,5.589291815297712,2.940069886653576,1.0572824163860595,4.642953266009445,2.1566697470461533,-2.177725126124968,0.35364583915171494
scene,-10.002232890102622,-17.322596846459962,4.874438267748379,10.05159501270355,2.402948801482361,1.6700093718003979,-1.6775725957192036,1.1913997974123056,2.7829873900397804,-5.8987341711512515,5.822328964290522,-0.7486413166471586,-0.4071066029342812,-0.5137204241389157,5.607944170240169,1.9191977949488148,-3.2890876464215504,1.659279446423811,-0.635215598007066,-3.148066384893539,-0.07850093726764228,6.523051269863232,5.022364352848353,3.2622898428729,-1.2774535295298608
water,-4.966375303324112,4.932092968327245,1.8486505433507325,-9.249334981931856,6.311403345237527,-1.4200550553631515,0.5295873466459069,0.6829913581205936,-3.816216677283686,1.2006877559719658,0.1209820338227916,-2.1085548373958884,2.1224107556109724,-2.2326639692199493,-2.7824309483692087,-0.9128386614524211,1.6328193358193916,3.094973101852856,2.260044212791194,-1.3647827287693932,0.1895556078727369,1.3675545444952288,2.889051794675976,-1.261830591192395,1.4051330003436608
water,-3.826753784795989,-22.568633944967274,7.291644170619283,4.815494234795161,7.110474871600057,-5.139503789118561,-2.788649005928938,4.521922315396024,-0.5374854447860465,6.4560879346860345,4.1642357992668995,2.086141462604316,0.2025025321650495,6.681211865532354,1.2298932826451556,3.220984372730716,1.8231416766497683,-1.035286651264484,2.095370031477791,3.224669180006957,-1.4944482583481138,1.0356663436903515,-2.3228922312451568,1.6798057530183117,3.6866124584677458
scene,-3.360023385929376,2.551822755318795,-11.544994135856602,2.570068493152167,-10.943319627146884,5.320169712381134,-1.6651942086132803,-2.579218751670422,2.3832490727575504,6.475053016865056,-2.173220015065512,-7.741974051021515,3.4801982897242874,-0.3939435833201154,-7.552102916182804,3.1035914341429462,5.364604390137835,4.589990709288223,0.8304477457514552,1.2247802311186164,-2.280910028109911,-0.24376337451767383,1.6324407412313082,2.348399948723122,0.403479261328967
water,3.4088728986171364,-15.405738995308731,2.1588184546502553,-5.972320330115507,-6.398020019691982,0.850906313333433,4.139955353280891,-6.221353560014614,7.288257197219695,-0.4088868734238625,-2.91832007514825,-0.7097512776937841,4.375073356572788,0.5764277667921028,-3.10470603249412,6.980752686944034,-2.9725457636921466,-0.7824946275588895,-2.5962161108535127,1.9699674320317846,-2.5648201492763993,2.8522148243981613,2.010572134979439,2.357312174838728,-0.4138649247214933
impressions,-21.29806178469531,4.38496941347926,1.6420698168411705,-10.180803799798504,-5.356167784821324,-6.0467194623651315,1.1911526446819478,-2.4878272410503377,-3.8063917854222153,-1.5421650855867806,-1.51532810349938,-3.4906032019587614,1.5506589261255108,-1.5761445759100297,1.0894016324701605,-1.1922559846852052,-3.3476929409103344,-6.678326197236376,-1.2956414334566768,-2.256199971602779,-0.92042812335979,-0.0886831694831441,-1.032502994636039,-0.9130349736766802,-0.15073484429493322
flowers,17.952699267795452,3.293214609327516,-12.125149106939965,0.8958144719748398,2.377432524121395,-1.5478382507232171,-1.996230204489936,4.28686765674873,-1.813466986739788,-3.015530356684016,-7.143884987209078,-0.8853547917343005,-2.0964562773106645,3.110961306082594,-0.45761314160124805,-3.58691156194436,-2.7967960979438247,0.9709989223105747,-0.08574390469371998,0.4814123249698198,-0.06435281920148975,-4.0865395227972545,-0.07940810827445893,-1.1044773077160883,1.245512465159181
flowers,8.86428766079477,5.467432085210063,-9.607725706923533,-10.473706922374738,-12.847526259430861,3.150020305178193,4.141920136997217,-4.18644858877125,-0.5503215432873881,-0.16261263357850694,6.0008566646139405,0.8663081957520485,4.4333259627147665,-1.4094281768794552,3.9192786202827383,-0.08699870178711856,0.4017078244025865,2.0234278044562104,6.630708924517033,1.94735401380921,2.10986728017434,2.310800618851694,-5.721024346657906,-3.1959396530378195,-3.4536024393884324
water,10.445181701070071,-9.071443562668852,-0.006565494741183012,15.947788083470877,-3.8042820368584063,5.60015572694774,4.4283757620840465,-5.412360158823433,-0.1589142500330546,-5.800587033790189,-6.64470880293481,1.225345281217287,-0.3408220194820224,1.8274049458928676,0.7784002054262362,4.002495902748308,4.078065480418934,-4.479772330579828,-0.26005881720143564,-1.7136201345404443,3.239998217585948,-0.4898836010346598,-1.9310894405692915,4.272884997499813,3.416725168116563
dusk,-53.11938620851195,5.850378883630586,13.956094543044935,9.453200554317364,-2.3094715717990884,4.6369338320577524,-1.0829011811454352,7.350187867827781,-4.3442643294150365,-4.536824396524289,-0.22590932064924923,1.8996846946267423,-2.6639004441482355,-3.7161263938185423,3.4338050187635236,7.4541537488621445,-1.1776679849647818,-4.101343290807775,9.051879485657135,-6.925935256956411,-3.090466723820474,-1.7940750614770191,0.7244578311640134,-3.670130542982174,-0.2694107650786602
water,11.112182942661144,-6.505876097571852,7.885970002283045,12.02572575018589,-9.895935135874986,-0.8513512211707722,30.4998070835635,3.134537068404266,-9.044108898204012,0.605523292276232,1.608355599075248,-16.89548788928694,4.0126235857067325,0.052061207495812646,2.5263715276475636,-6.269375211882667,10.340608032080985,-7.211694894359827,4.134365583182682,-0.24144168829465193,2.480057021607392,-1.0753263893762515,-5.87392279465528,9.405183756212478,-4.076051479134638
trees,11.136063464149286,5.297324132942032,9.379714552917715,10.34926001279754,-3.1911830823987053,-39.398932718532905,-12.63756473590296,-2.1572574173300367,14.049917162850694,7.007417202944715,0.2605964388180416,3.6182861925111403,15.134012730462201,-1.839990975351843,3.1774696367017357,-4.045872207328235,2.3805693981470943,-5.557898181817262,-2.2518760455537907,-0.11652558379039317,2.2934573629063197,-0.32808994418307147,-2.4345523496182473,-0.13936597636312723,0.8177913706333115
